zona_es,barrio,rural,dist_aparcabicis_m,dist_biblioteca_m,dist_centro_salud_m,dist_dbizi_m,dist_escuela_infantil_m,dist_farmacia_m,dist_gimnasio_m,dist_hospital_m,dist_hosteleria_m,dist_instalacion_deportiva_m,dist_museo_m,dist_parada_bus_m,dist_parking_m,dist_parque_m,dist_parque_infantil_m,dist_playa_m,dist_primaria_m,dist_residencia_m,dist_secundaria_m,dist_supermercado_m,dist_universidad_m,dist_veterinario_m
Igeldo,IGELDO,0,1950,2530,2540,1590,100,2230,1320,5750,60,80,3860,60,2230,80,80,950,100,610,1640,1710,1980,1740
Amezti,IGELDO,0,1370,1750,1760,1280,1030,1560,1410,5360,380,100,2940,140,1610,1050,900,1010,1030,510,1100,1510,1390,1080
Hipodromoa-Bugati,ZUBIETA,0,4710,5640,5900,4790,1500,4890,4020,5640,140,170,3330,220,2370,3190,2430,6420,1500,4340,3960,2320,4240,5290
Igara,IBAETA,0,280,1560,1550,360,290,910,170,3920,80,160,2160,100,700,190,160,1950,360,300,350,370,560,890
Berio,IBAETA,0,340,1240,1240,200,300,710,420,4060,120,120,2510,110,650,100,190,1630,300,160,180,270,380,580
Arriola,IBAETA,0,250,760,760,330,300,460,450,4220,160,130,2210,80,510,290,380,1110,300,490,290,460,300,170
Belartza,AÑORGA,0,2400,3340,3590,2440,1620,2540,1690,3930,1090,170,1270,120,280,1230,490,4130,1620,2230,1630,140,2380,2960
Campus,IBAETA,0,110,910,910,170,280,280,320,3750,80,90,2230,90,270,80,160,1300,340,320,290,260,120,270
Zuatzu,AÑORGA,0,510,1600,1800,540,330,670,330,3230,110,170,1410,110,790,390,460,2210,330,740,340,380,910,1050
Errekalde,AÑORGA,0,2500,3300,3560,2530,1560,2600,1890,3520,1000,590,970,70,800,930,170,4230,1560,2020,1800,360,1990,2940
Ondarreta,ANTIGUA,0,170,340,350,160,380,190,160,3920,80,150,1340,90,350,90,170,320,410,290,550,240,530,200
Farola-Erregenea,ANTIGUA,0,240,430,440,400,560,340,230,4180,180,140,1490,110,500,270,160,490,560,520,570,480,560,440
Jolas Parkea,ANTIGUA,0,430,860,880,830,900,790,550,4580,50,130,1490,290,970,690,450,760,900,910,900,950,1020,870
Bentaberri,ANTIGUA,0,90,440,430,110,330,120,90,3710,30,110,1880,80,140,140,100,830,400,130,190,80,180,220
Amasorrain,AÑORGA,0,2360,3140,3410,2400,1430,2470,1750,3430,880,570,860,50,800,820,110,4100,1430,1910,1670,350,1890,2800
Lorea,IBAETA,0,170,810,900,220,140,130,290,3320,40,70,1990,90,280,160,130,1260,470,290,400,90,380,170
Errotaburu,IBAETA,0,120,1210,1370,160,290,290,300,3110,120,210,1740,100,420,100,130,1770,290,360,600,110,600,630
Atotxaerreka,AÑORGA,0,1080,1850,2100,1060,400,1150,680,2820,520,430,740,100,1430,140,540,2790,400,1140,640,560,1330,1530
Heriz-Aizkorri,ANTIGUA,0,190,300,490,210,180,240,240,3380,140,110,1560,100,350,200,140,730,190,200,200,180,220,350
Lugaritz,AIETE,0,370,640,750,390,290,330,360,3130,100,160,1690,120,520,250,110,1130,460,290,430,330,400,230
Matia,ANTIGUA,0,130,220,370,140,180,90,320,3560,50,80,1220,70,410,150,130,360,210,160,450,80,500,230
Itza,IBAETA,0,180,870,1010,160,480,200,170,2880,80,280,1710,80,550,280,150,1510,570,200,750,330,700,460
Zubiberri (Infernua),IBAETA,0,280,1100,1320,330,560,300,390,2810,180,150,1520,100,700,170,220,1950,560,500,810,330,880,870
Añorga,AÑORGA,0,1760,2360,2640,1650,580,1820,1290,2640,120,120,120,70,1450,130,690,3480,580,1050,1350,660,1090,1970
Santa Klara,ERDIALDEA,0,430,960,980,700,960,790,640,4090,110,600,660,470,1110,620,600,580,960,820,1080,810,1310,780
Pagola,AIETE,0,540,860,1110,230,460,330,380,2380,240,260,1400,140,1050,390,140,1930,460,700,460,180,1140,600
Munto,AIETE,0,480,410,370,220,630,190,170,2760,140,110,1160,70,490,370,150,1110,650,240,650,220,640,280
Pio Baroja,ANTIGUA,0,150,470,450,160,500,290,110,3050,140,80,1200,70,160,390,120,730,500,450,580,280,580,480
Berabera,AIETE,0,650,480,720,170,470,210,410,2380,130,150,1230,80,930,240,170,1580,470,450,470,210,1040,390
Mirakontxa pasealekua,ERDIALDEA,0,220,630,680,430,470,430,250,3130,100,190,940,90,420,340,400,380,470,610,520,200,970,820
Mirakontxa,AIETE,0,260,600,420,300,580,440,230,2930,180,90,1000,90,280,360,170,590,580,580,650,190,830,670
Añorgatxiki,AÑORGA,0,1260,1670,1950,950,160,1180,600,2240,110,140,720,200,1700,120,140,2830,160,570,900,100,830,1260
Urgull,ERDIALDEA,0,250,150,480,480,520,360,470,3990,130,230,210,100,720,170,450,1000,520,720,310,220,1910,620
Oriamendi,MIRAMON - ZORROAGA,0,1370,1500,1680,740,480,1000,370,1770,170,450,590,110,1460,540,360,2640,480,390,660,430,570,1010
Parte Zaharra,ERDIALDEA,0,120,110,170,220,260,100,250,3740,20,90,190,180,380,320,190,830,260,370,170,50,1700,310
Aiete jauregia,AIETE,0,470,230,270,290,620,360,330,2390,130,180,790,80,640,140,130,1090,630,350,630,200,1050,540
Etxadi,AIETE,0,680,700,820,150,100,200,480,1860,110,110,980,80,1070,340,110,1750,110,710,130,180,1270,210
Gune Erromantikoa,ERDIALDEA,0,120,290,400,130,280,110,140,3110,40,140,470,70,180,140,290,660,300,240,370,100,1130,440
Arbaitzenea,AIETE,0,280,640,450,380,430,370,270,2500,140,190,560,90,370,170,200,640,440,380,430,280,870,530
Miramon,MIRAMON - ZORROAGA,0,1410,1730,1730,1100,820,1310,370,1190,150,750,360,180,930,470,280,2880,910,310,970,1000,540,1280
Errondo,AIETE,0,380,790,760,260,230,420,190,1340,140,110,920,190,470,250,180,1930,260,490,450,350,1090,360
Morlans,AMARABERRI,0,100,650,320,190,420,300,160,2180,120,160,270,70,520,250,280,970,580,260,550,300,680,320
Puiu-Lanberri,AIETE,0,260,660,400,250,260,300,250,1840,180,200,570,110,650,130,260,1400,330,350,440,280,970,320
Amarazarra,ERDIALDEA,0,160,520,330,170,240,210,150,2630,60,90,580,60,140,120,110,500,260,170,260,140,710,470
Amaraberri,AMARABERRI,0,80,400,440,140,200,110,170,1630,50,110,520,90,230,150,150,1520,310,170,340,100,550,160
Gros,GROS,0,110,380,380,120,290,90,130,3550,30,140,340,90,170,300,160,380,360,270,240,70,1620,210
Urumea pasealekua,EGIA,0,100,250,510,170,250,220,250,2710,100,210,340,80,180,160,170,910,250,220,260,180,680,270
Anoeta,AMARABERRI,0,330,490,820,350,270,350,120,1050,110,70,1070,170,280,300,360,2100,420,320,770,350,890,410
Mundaitz,EGIA,0,140,210,360,280,200,310,260,2370,170,170,430,150,350,210,240,1140,200,330,250,250,360,410
Atotxa,EGIA,0,50,210,450,120,140,110,160,3030,40,130,330,80,170,160,100,780,140,190,190,110,1050,220
Irola,MIRAMON - ZORROAGA,0,980,1150,1340,1040,380,1080,570,430,230,210,1110,110,270,780,440,2830,610,690,610,1060,450,1100
Erribera,AMARABERRI,0,110,350,550,180,220,250,210,2120,110,170,670,130,210,270,390,1470,230,380,320,110,480,540
Iruresoro,EGIA,0,90,260,190,130,190,120,170,2730,40,110,490,60,430,240,180,1100,190,140,280,80,950,390
Aldakoenea,EGIA,0,140,220,310,190,180,160,200,2930,80,110,400,70,290,170,190,880,180,110,180,120,1050,310
Ospitaleak,MIRAMON - ZORROAGA,0,1150,1250,1550,1240,170,1250,790,140,100,290,1210,90,220,1040,610,3050,510,670,510,1240,270,1320
Sagues,GROS,0,260,240,270,220,410,250,380,3920,40,40,640,210,440,260,100,310,560,590,110,120,2040,270
Jaialai,EGIA,0,210,280,500,280,170,250,270,3130,120,170,760,60,470,150,140,820,270,170,230,210,1370,280
Illunbe,MIRAMON - ZORROAGA,0,660,810,900,660,560,700,200,710,100,120,1410,110,150,510,670,2460,630,560,660,710,610,760
Manteo,ATEGORRIETA - ULIA,0,230,230,260,250,170,240,140,3700,100,80,810,90,390,190,110,530,210,240,130,220,1900,320
Toledogoia,EGIA,0,260,340,520,310,240,400,410,2640,230,160,910,70,520,190,240,1300,240,310,180,310,1200,180
Loiola Kalegunea,LOIOLA,0,60,320,650,170,160,160,180,1970,50,150,1020,90,290,120,180,1820,190,550,190,140,800,720
Lorategi Hiria,LOIOLA,0,130,190,540,200,320,260,330,2220,150,90,850,120,170,220,170,1650,320,530,320,190,840,520
Zorroaga,MIRAMON - ZORROAGA,0,490,710,600,560,410,540,480,1010,230,130,1430,100,520,380,540,2410,630,230,670,700,880,730
Uliabarren,ATEGORRIETA - ULIA,0,360,560,630,350,110,270,420,3440,150,110,1150,80,630,210,200,920,210,110,160,320,1780,290
Txomiñenea,LOIOLA,0,100,900,260,230,720,290,880,1530,110,140,1810,90,1010,200,100,2640,890,390,890,780,1330,1170
Urdintzu,LOIOLA,0,130,410,410,320,330,200,400,1810,150,250,1280,150,500,260,180,2090,450,470,400,260,1030,780
Marrutxipi,INTXAURRONDO,0,240,540,600,340,250,350,640,2990,260,170,1240,80,900,100,150,1330,350,160,370,240,1620,400
Ipar Intxaurrondo,INTXAURRONDO,0,480,370,240,220,280,230,270,2950,90,130,1800,100,970,100,150,1990,280,200,340,260,1980,430
Hego Intxaurrondo,INTXAURRONDO,0,490,420,540,430,400,270,420,2600,110,220,2070,150,630,180,260,2410,400,360,680,190,2100,730
Ategorrieta,ATEGORRIETA - ULIA,0,250,380,800,250,230,300,700,3530,150,110,1670,90,1160,130,190,1450,400,150,180,300,2180,440
Intxaurrondoberri,INTXAURRONDO,0,290,380,540,280,260,260,360,3250,110,150,2010,90,1070,130,120,2030,270,180,330,190,2270,330
Intxaurrondozar,INTXAURRONDO,0,190,280,650,190,240,280,500,3410,100,100,1950,70,1240,160,180,1830,240,140,230,170,2290,310
Eliseo Zelaiak,MARTUTENE,0,390,390,830,390,390,470,1130,1190,140,300,2240,120,1030,390,340,3200,390,950,390,430,990,1540
Antzieta,MARTUTENE,0,280,750,620,550,750,650,1180,1580,300,120,2180,150,1170,350,340,3020,750,630,750,790,1380,1510
Martutene,MARTUTENE,0,100,170,1260,170,170,170,1440,1200,60,80,2450,110,1260,100,100,3610,170,1330,170,170,1030,1910
Portutxo,MARTUTENE,0,380,380,890,350,380,460,1220,1330,120,250,2330,90,1160,360,340,3290,380,1000,380,420,1130,1640
Torruazar,MARTUTENE,0,630,930,1220,840,910,790,1390,2020,100,530,2540,110,990,780,670,3450,910,1140,930,300,1820,1440
Mirakruzgaña-Arrobi,MIRAKRUZ - BIDEBIETA,0,260,530,530,380,250,310,340,3660,110,100,2540,70,1120,220,140,2470,280,250,360,360,2790,340
Bidebieta,MIRAKRUZ - BIDEBIETA,0,300,820,220,170,210,110,180,4040,70,80,2850,80,1510,140,110,2620,210,580,250,120,3180,190
Gaiztarro,MIRAKRUZ - BIDEBIETA,0,150,650,320,200,340,130,240,3870,70,130,2880,80,1260,250,110,2750,370,400,480,150,3140,110
Herrera,ALTZA,0,330,310,660,230,270,190,600,3520,130,100,2870,90,810,300,160,2990,270,250,710,170,3000,360
Larratxo,ALTZA,0,580,240,610,180,350,130,620,3410,50,130,2740,70,670,250,130,3190,350,140,520,80,3110,210
Altzagaña,ALTZA,0,610,350,320,170,190,160,330,3710,90,120,2580,80,940,130,150,3390,190,220,270,130,3400,380
Arriaga,ALTZA,0,680,240,320,160,190,180,330,4240,60,130,2670,80,1480,140,130,3680,290,340,500,130,3890,840
Oleta,ALTZA,0,540,380,470,260,270,270,470,4360,120,150,2920,90,1600,170,160,3520,430,450,700,290,3860,710
Aduritz-akular-Landerro-Esnabide,ALTZA,0,1320,620,490,610,410,370,720,4100,200,170,2160,190,1560,450,300,4220,410,570,490,530,3890,1060
Buenavista,ALTZA,0,1230,520,560,220,240,360,880,4830,300,110,2600,80,2100,410,530,4220,240,150,330,590,4510,1420
Molinao,ALTZA,0,1540,800,390,800,590,600,940,4410,350,240,1880,130,1870,600,140,4500,590,670,610,730,4220,1320
Eskalantegi,ALTZA,0,1510,710,180,520,120,130,1020,4830,100,70,2240,70,2170,500,560,4520,120,410,120,710,4640,1580
Resto de Igeldo,IGELDO,0,2030,2600,2610,1690,740,2310,1430,5750,140,430,3740,210,2310,820,730,1130,740,980,1750,1820,2080,1810
Resto de Antigua,ANTIGUA,0,470,810,820,790,660,740,550,4550,120,210,1600,300,900,660,320,790,660,880,660,870,810,780
Resto de Ibaeta,IBAETA,0,410,1670,1680,560,320,880,170,3900,130,140,2030,180,730,390,410,2000,380,460,430,550,660,960
Resto de Miramon - Zorroaga,MIRAMON - ZORROAGA,0,1270,1380,1990,1390,730,1360,1130,690,170,320,1400,340,800,940,880,3600,850,830,850,1170,610,1900
Resto de Ategorrieta - Ulia,ATEGORRIETA - ULIA,0,670,670,800,710,610,700,640,4120,150,510,1350,430,960,420,250,1030,620,640,550,610,2350,740
Resto de Intxaurrondo,INTXAURRONDO,0,500,510,640,400,460,410,540,2260,210,220,1820,220,760,170,120,2350,460,320,670,260,1690,1050
Resto de Martutene,MARTUTENE,0,400,550,1630,560,500,500,1720,1370,120,370,2590,180,1490,410,460,3930,500,1680,500,510,1240,2220
Resto de Mirakruz - Bidebieta,MIRAKRUZ - BIDEBIETA,0,580,1090,360,370,140,260,430,4370,230,110,2820,250,1810,310,280,2520,140,880,130,350,3340,410
Resto de Altza,ALTZA,0,560,890,1120,650,930,530,1070,3130,360,240,2340,340,540,340,310,3490,930,540,900,540,2930,600
Resto de Oarain,OARAIN,1,8610,8800,9950,8800,8800,8710,9590,9080,7800,8500,7940,7770,9210,8610,8670,12150,8800,7950,8800,8760,9100,9980
Resto de Landerbaso,LANDERBASO,1,5520,5700,6380,5690,5700,5630,6680,6340,4730,5500,4340,4720,6380,5560,5590,9200,5700,4340,5700,5460,6290,6480
Zubieta,ZUBIETA,0,3830,5120,5240,4000,130,4230,3250,5730,200,230,3110,100,1750,3070,2220,5140,130,3620,3230,1710,4170,4520
Resto de Zubieta,ZUBIETA,0,4070,5300,5460,4250,810,4430,3470,5790,160,250,3250,180,1920,3200,2360,5580,810,3870,3440,1870,4270,4740
Resto de Añorga,AÑORGA,0,1730,2420,2570,1540,700,1700,920,2630,280,370,830,140,1430,450,660,3320,700,960,1290,760,1040,1880
Batxillardegi,LOIOLA,0,130,500,470,380,160,310,290,1590,170,160,1120,90,360,200,360,2010,390,290,390,350,840,580
Resto de Loiola,LOIOLA,0,280,780,540,520,670,490,770,1890,170,140,1920,300,890,290,230,2610,740,360,900,580,1570,1220
